target_concept,prompt_id,prompt,seed
Mario,1,a photo of Mario,244
Mario,2,a photo of Mario,192
Mario,3,a photo of Mario,766
Mario,4,a photo of Mario,847
Mario,5,a photo of Mario,531
Mario,6,a photo of Mario,236
Mario,7,a photo of Mario,287
Mario,8,a photo of Mario,136
Mario,9,a photo of Mario,845
Mario,10,a photo of Mario,274
Mario,11,a dark photo of Mario,519
Mario,12,a dark photo of Mario,274
Mario,13,a dark photo of Mario,322
Mario,14,a dark photo of Mario,777
Mario,15,a dark photo of Mario,147
Mario,16,a dark photo of Mario,986
Mario,17,a dark photo of Mario,472
Mario,18,a dark photo of Mario,710
Mario,19,a dark photo of Mario,743
Mario,20,a dark photo of Mario,669
Mario,21,a rendition photo of Mario,106
Mario,22,a rendition photo of Mario,87
Mario,23,a rendition photo of Mario,233
Mario,24,a rendition photo of Mario,153
Mario,25,a rendition photo of Mario,871
Mario,26,a rendition photo of Mario,302
Mario,27,a rendition photo of Mario,953
Mario,28,a rendition photo of Mario,541
Mario,29,a rendition photo of Mario,729
Mario,30,a rendition photo of Mario,335
Mario,31,a bright photo of Mario,812
Mario,32,a bright photo of Mario,947
Mario,33,a bright photo of Mario,149
Mario,34,a bright photo of Mario,632
Mario,35,a bright photo of Mario,124
Mario,36,a bright photo of Mario,544
Mario,37,a bright photo of Mario,533
Mario,38,a bright photo of Mario,235
Mario,39,a bright photo of Mario,979
Mario,40,a bright photo of Mario,155
Mario,41,a photo of dirty Mario,129
Mario,42,a photo of dirty Mario,725
Mario,43,a photo of dirty Mario,589
Mario,44,a photo of dirty Mario,73
Mario,45,a photo of dirty Mario,135
Mario,46,a photo of dirty Mario,236
Mario,47,a photo of dirty Mario,549
Mario,48,a photo of dirty Mario,779
Mario,49,a photo of dirty Mario,116
Mario,50,a photo of dirty Mario,257
Mario,51,"a photo of a character relate to keywords: Nintendo, Bowser and Yoshi",643
Mario,52,"a photo of a character relate to keywords: Nintendo, Yoshi and Bowser",378
Mario,53,"a photo of a character relate to keywords: Nintendo, Italian and Bowser",792
Mario,54,"a photo of a character relate to keywords: Nintendo, Princess Peach and Bowser",324
Mario,55,"a photo of a character relate to keywords: Nintendo, mushroom kingdom and Bowser",518
Mario,56,"a photo of a character relate to keywords: Nintendo, Zelda and Bowser",133
Mario,57,"a photo of a character relate to keywords: Bowser, Yoshi and Nintendo",689
Mario,58,"a photo of a character relate to keywords: Bowser, Italian and Nintendo",395
Mario,59,"a photo of a character relate to keywords: Bowser, Princess Peach and Nintendo",857
Mario,60,"a photo of a character relate to keywords: Bowser, mushroom kingdom and Nintendo",24
Mario,61,"a photo of a character relate to keywords: Bowser, Zelda and Nintendo",345
Mario,62,"a photo of a character relate to keywords: Yoshi, Italian and Nintendo",415
Mario,63,"a photo of a character relate to keywords: Yoshi, Princess Peach and Nintendo",788
Mario,64,"a photo of a character relate to keywords: Yoshi, mushroom kingdom and Nintendo",710
Mario,65,"a photo of a character relate to keywords: Yoshi, Zelda and Nintendo",172
Mario,66,"a photo of a character relate to keywords: Italian, Princess Peach and Nintendo",303
Mario,67,"a photo of a character relate to keywords: Italian, mushroom kingdom and Nintendo",625
Mario,68,"a photo of a character relate to keywords: Italian, Zelda and Nintendo",76
Mario,69,"a photo of a character relate to keywords: Princess Peach, mushroom kingdom and Nintendo",968
Mario,70,"a photo of a character relate to keywords: Princess Peach, Zelda and Nintendo",870
Mario,71,"a photo of a character relate to keywords: mushroom kingdom, Zelda and Nintendo",514
Mario,72,"a photo of a character relate to keywords: Nintendo, Bowser and Yoshi",809
Mario,73,"a photo of a character relate to keywords: Nintendo, Yoshi and Bowser",777
Mario,74,"a photo of a character relate to keywords: Nintendo, Italian and Bowser",878
Mario,75,"a photo of a character relate to keywords: Nintendo, Princess Peach and Bowser",323
Mario,76,"a photo of a character relate to keywords: Nintendo, mushroom kingdom and Bowser",670
Mario,77,"a photo of a character relate to keywords: Nintendo, Zelda and Bowser",284
Mario,78,"a photo of a character relate to keywords: Bowser, Yoshi and Nintendo",374
Mario,79,"a photo of a character relate to keywords: Bowser, Italian and Nintendo",370
Mario,80,"a photo of a character relate to keywords: Bowser, Princess Peach and Nintendo",390
Mario,81,"a photo of a character relate to keywords: Bowser, mushroom kingdom and Nintendo",648
Mario,82,"a photo of a character relate to keywords: Bowser, Zelda and Nintendo",512
Mario,83,"a photo of a character relate to keywords: Yoshi, Italian and Nintendo",567
Mario,84,"a photo of a character relate to keywords: Yoshi, Princess Peach and Nintendo",598
Mario,85,"a photo of a character relate to keywords: Yoshi, mushroom kingdom and Nintendo",943
Mario,86,"a photo of a character relate to keywords: Yoshi, Zelda and Nintendo",200
Mario,87,"a photo of a character relate to keywords: Italian, Princess Peach and Nintendo",144
Mario,88,"a photo of a character relate to keywords: Italian, mushroom kingdom and Nintendo",114
Mario,89,"a photo of a character relate to keywords: Italian, Zelda and Nintendo",449
Mario,90,"a photo of a character relate to keywords: Princess Peach, mushroom kingdom and Nintendo",862
Mario,91,"a photo of a character relate to keywords: Princess Peach, Zelda and Nintendo",648
Mario,92,"a photo of a character relate to keywords: mushroom kingdom, Zelda and Nintendo",679
Mario,93,"a photo of a character relate to keywords: Nintendo, Bowser and Yoshi",624
Mario,94,"a photo of a character relate to keywords: Nintendo, Yoshi and Bowser",243
Mario,95,"a photo of a character relate to keywords: Nintendo, Italian and Bowser",486
Mario,96,"a photo of a character relate to keywords: Nintendo, Princess Peach and Bowser",901
Mario,97,"a photo of a character relate to keywords: Nintendo, mushroom kingdom and Bowser",508
Mario,98,"a photo of a character relate to keywords: Nintendo, Zelda and Bowser",278
Mario,99,"a photo of a character relate to keywords: Bowser, Yoshi and Nintendo",341
Mario,100,"a photo of a character relate to keywords: Bowser, Italian and Nintendo",210
Naruto,1,a photo of Naruto,561
Naruto,2,a photo of Naruto,437
Naruto,3,a photo of Naruto,227
Naruto,4,a photo of Naruto,331
Naruto,5,a photo of Naruto,287
Naruto,6,a photo of Naruto,824
Naruto,7,a photo of Naruto,327
Naruto,8,a photo of Naruto,921
Naruto,9,a photo of Naruto,217
Naruto,10,a photo of Naruto,743
Naruto,11,a dark photo of Naruto,302
Naruto,12,a dark photo of Naruto,337
Naruto,13,a dark photo of Naruto,203
Naruto,14,a dark photo of Naruto,517
Naruto,15,a dark photo of Naruto,207
Naruto,16,a dark photo of Naruto,270
Naruto,17,a dark photo of Naruto,391
Naruto,18,a dark photo of Naruto,112
Naruto,19,a dark photo of Naruto,202
Naruto,20,a dark photo of Naruto,211
Naruto,21,a rendition photo of Naruto,967
Naruto,22,a rendition photo of Naruto,917
Naruto,23,a rendition photo of Naruto,860
Naruto,24,a rendition photo of Naruto,886
Naruto,25,a rendition photo of Naruto,440
Naruto,26,a rendition photo of Naruto,23
Naruto,27,a rendition photo of Naruto,258
Naruto,28,a rendition photo of Naruto,269
Naruto,29,a rendition photo of Naruto,463
Naruto,30,a rendition photo of Naruto,671
Naruto,31,a bright photo of Naruto,361
Naruto,32,a bright photo of Naruto,758
Naruto,33,a bright photo of Naruto,558
Naruto,34,a bright photo of Naruto,949
Naruto,35,a bright photo of Naruto,405
Naruto,36,a bright photo of Naruto,362
Naruto,37,a bright photo of Naruto,791
Naruto,38,a bright photo of Naruto,334
Naruto,39,a bright photo of Naruto,974
Naruto,40,a bright photo of Naruto,277
Naruto,41,a photo of dirty Naruto,398
Naruto,42,a photo of dirty Naruto,699
Naruto,43,a photo of dirty Naruto,783
Naruto,44,a photo of dirty Naruto,718
Naruto,45,a photo of dirty Naruto,136
Naruto,46,a photo of dirty Naruto,349
Naruto,47,a photo of dirty Naruto,272
Naruto,48,a photo of dirty Naruto,477
Naruto,49,a photo of dirty Naruto,686
Naruto,50,a photo of dirty Naruto,849
Naruto,51,"a photo of a character relate to keywords: Ninja, Headband and Sage mode",905
Naruto,52,"a photo of a character relate to keywords: Ninja, Sage mode and Headband",826
Naruto,53,"a photo of a character relate to keywords: Ninja, Rasengan and Headband",837
Naruto,54,"a photo of a character relate to keywords: Ninja, Seventh Hokage and Headband",766
Naruto,55,"a photo of a character relate to keywords: Ninja, manga and Headband",932
Naruto,56,"a photo of a character relate to keywords: Ninja, anime and Headband",478
Naruto,57,"a photo of a character relate to keywords: Ninja, Pokémon and Headband",206
Naruto,58,"a photo of a character relate to keywords: Ninja, Japan and Headband",125
Naruto,59,"a photo of a character relate to keywords: Headband, Sage mode and Ninja",506
Naruto,60,"a photo of a character relate to keywords: Headband, Rasengan and Ninja",717
Naruto,61,"a photo of a character relate to keywords: Headband, Seventh Hokage and Ninja",662
Naruto,62,"a photo of a character relate to keywords: Headband, manga and Ninja",445
Naruto,63,"a photo of a character relate to keywords: Headband, anime and Ninja",834
Naruto,64,"a photo of a character relate to keywords: Headband, Pokémon and Ninja",544
Naruto,65,"a photo of a character relate to keywords: Headband, Japan and Ninja",933
Naruto,66,"a photo of a character relate to keywords: Sage mode, Rasengan and Ninja",142
Naruto,67,"a photo of a character relate to keywords: Sage mode, Seventh Hokage and Ninja",813
Naruto,68,"a photo of a character relate to keywords: Sage mode, manga and Ninja",703
Naruto,69,"a photo of a character relate to keywords: Sage mode, anime and Ninja",678
Naruto,70,"a photo of a character relate to keywords: Sage mode, Pokémon and Ninja",385
Naruto,71,"a photo of a character relate to keywords: Sage mode, Japan and Ninja",899
Naruto,72,"a photo of a character relate to keywords: Rasengan, Seventh Hokage and Ninja",115
Naruto,73,"a photo of a character relate to keywords: Rasengan, manga and Ninja",560
Naruto,74,"a photo of a character relate to keywords: Rasengan, anime and Ninja",576
Naruto,75,"a photo of a character relate to keywords: Rasengan, Pokémon and Ninja",800
Naruto,76,"a photo of a character relate to keywords: Rasengan, Japan and Ninja",533
Naruto,77,"a photo of a character relate to keywords: Seventh Hokage, manga and Ninja",429
Naruto,78,"a photo of a character relate to keywords: Seventh Hokage, anime and Ninja",989
Naruto,79,"a photo of a character relate to keywords: Seventh Hokage, Pokémon and Ninja",339
Naruto,80,"a photo of a character relate to keywords: Seventh Hokage, Japan and Ninja",459
Naruto,81,"a photo of a character relate to keywords: manga, anime and Ninja",785
Naruto,82,"a photo of a character relate to keywords: manga, Pokémon and Ninja",788
Naruto,83,"a photo of a character relate to keywords: manga, Japan and Ninja",382
Naruto,84,"a photo of a character relate to keywords: anime, Pokémon and Ninja",525
Naruto,85,"a photo of a character relate to keywords: anime, Japan and Ninja",746
Naruto,86,"a photo of a character relate to keywords: Pokémon, Japan and Ninja",515
Naruto,87,"a photo of a character relate to keywords: Ninja, Headband and Sage mode",966
Naruto,88,"a photo of a character relate to keywords: Ninja, Sage mode and Headband",379
Naruto,89,"a photo of a character relate to keywords: Ninja, Rasengan and Headband",243
Naruto,90,"a photo of a character relate to keywords: Ninja, Seventh Hokage and Headband",552
Naruto,91,"a photo of a character relate to keywords: Ninja, manga and Headband",850
Naruto,92,"a photo of a character relate to keywords: Ninja, anime and Headband",318
Naruto,93,"a photo of a character relate to keywords: Ninja, Pokémon and Headband",841
Naruto,94,"a photo of a character relate to keywords: Ninja, Japan and Headband",437
Naruto,95,"a photo of a character relate to keywords: Headband, Sage mode and Ninja",418
Naruto,96,"a photo of a character relate to keywords: Headband, Rasengan and Ninja",98
Naruto,97,"a photo of a character relate to keywords: Headband, Seventh Hokage and Ninja",437
Naruto,98,"a photo of a character relate to keywords: Headband, manga and Ninja",296
Naruto,99,"a photo of a character relate to keywords: Headband, anime and Ninja",492
Naruto,100,"a photo of a character relate to keywords: Headband, Pokémon and Ninja",432
Batman,1,a photo of Batman,788
Batman,2,a photo of Batman,876
Batman,3,a photo of Batman,316
Batman,4,a photo of Batman,670
Batman,5,a photo of Batman,861
Batman,6,a photo of Batman,467
Batman,7,a photo of Batman,404
Batman,8,a photo of Batman,680
Batman,9,a photo of Batman,861
Batman,10,a photo of Batman,568
Batman,11,a dark photo of Batman,637
Batman,12,a dark photo of Batman,343
Batman,13,a dark photo of Batman,386
Batman,14,a dark photo of Batman,347
Batman,15,a dark photo of Batman,126
Batman,16,a dark photo of Batman,929
Batman,17,a dark photo of Batman,187
Batman,18,a dark photo of Batman,828
Batman,19,a dark photo of Batman,105
Batman,20,a dark photo of Batman,155
Batman,21,a rendition photo of Batman,527
Batman,22,a rendition photo of Batman,911
Batman,23,a rendition photo of Batman,179
Batman,24,a rendition photo of Batman,773
Batman,25,a rendition photo of Batman,47
Batman,26,a rendition photo of Batman,488
Batman,27,a rendition photo of Batman,766
Batman,28,a rendition photo of Batman,360
Batman,29,a rendition photo of Batman,519
Batman,30,a rendition photo of Batman,73
Batman,31,a bright photo of Batman,130
Batman,32,a bright photo of Batman,530
Batman,33,a bright photo of Batman,721
Batman,34,a bright photo of Batman,513
Batman,35,a bright photo of Batman,708
Batman,36,a bright photo of Batman,350
Batman,37,a bright photo of Batman,303
Batman,38,a bright photo of Batman,712
Batman,39,a bright photo of Batman,770
Batman,40,a bright photo of Batman,645
Batman,41,a photo of dirty Batman,289
Batman,42,a photo of dirty Batman,588
Batman,43,a photo of dirty Batman,173
Batman,44,a photo of dirty Batman,283
Batman,45,a photo of dirty Batman,220
Batman,46,a photo of dirty Batman,694
Batman,47,a photo of dirty Batman,592
Batman,48,a photo of dirty Batman,697
Batman,49,a photo of dirty Batman,30
Batman,50,a photo of dirty Batman,532
Batman,51,"a photo of a character relate to keywords: dark, black and Gotham",711
Batman,52,"a photo of a character relate to keywords: dark, Gotham and black",227
Batman,53,"a photo of a character relate to keywords: dark, superhero and black",243
Batman,54,"a photo of a character relate to keywords: dark, batmobile and black",96
Batman,55,"a photo of a character relate to keywords: dark, bat symbol and black",803
Batman,56,"a photo of a character relate to keywords: dark, Gotham and black",889
Batman,57,"a photo of a character relate to keywords: dark, bat ears and black",470
Batman,58,"a photo of a character relate to keywords: black, Gotham and dark",777
Batman,59,"a photo of a character relate to keywords: black, superhero and dark",654
Batman,60,"a photo of a character relate to keywords: black, batmobile and dark",140
Batman,61,"a photo of a character relate to keywords: black, bat symbol and dark",333
Batman,62,"a photo of a character relate to keywords: black, Gotham and dark",107
Batman,63,"a photo of a character relate to keywords: black, bat ears and dark",969
Batman,64,"a photo of a character relate to keywords: Gotham, superhero and dark",933
Batman,65,"a photo of a character relate to keywords: Gotham, batmobile and dark",296
Batman,66,"a photo of a character relate to keywords: Gotham, bat symbol and dark",230
Batman,67,"a photo of a character relate to keywords: Gotham, Gotham and dark",394
Batman,68,"a photo of a character relate to keywords: Gotham, bat ears and dark",208
Batman,69,"a photo of a character relate to keywords: superhero, batmobile and dark",682
Batman,70,"a photo of a character relate to keywords: superhero, bat symbol and dark",778
Batman,71,"a photo of a character relate to keywords: superhero, Gotham and dark",835
Batman,72,"a photo of a character relate to keywords: superhero, bat ears and dark",570
Batman,73,"a photo of a character relate to keywords: batmobile, bat symbol and dark",516
Batman,74,"a photo of a character relate to keywords: batmobile, Gotham and dark",81
Batman,75,"a photo of a character relate to keywords: batmobile, bat ears and dark",720
Batman,76,"a photo of a character relate to keywords: bat symbol, Gotham and dark",66
Batman,77,"a photo of a character relate to keywords: bat symbol, bat ears and dark",53
Batman,78,"a photo of a character relate to keywords: Gotham, bat ears and dark",309
Batman,79,"a photo of a character relate to keywords: dark, black and Gotham",250
Batman,80,"a photo of a character relate to keywords: dark, Gotham and black",431
Batman,81,"a photo of a character relate to keywords: dark, superhero and black",563
Batman,82,"a photo of a character relate to keywords: dark, batmobile and black",883
Batman,83,"a photo of a character relate to keywords: dark, bat symbol and black",957
Batman,84,"a photo of a character relate to keywords: dark, Gotham and black",252
Batman,85,"a photo of a character relate to keywords: dark, bat ears and black",481
Batman,86,"a photo of a character relate to keywords: black, Gotham and dark",120
Batman,87,"a photo of a character relate to keywords: black, superhero and dark",260
Batman,88,"a photo of a character relate to keywords: black, batmobile and dark",189
Batman,89,"a photo of a character relate to keywords: black, bat symbol and dark",314
Batman,90,"a photo of a character relate to keywords: black, Gotham and dark",338
Batman,91,"a photo of a character relate to keywords: black, bat ears and dark",593
Batman,92,"a photo of a character relate to keywords: Gotham, superhero and dark",984
Batman,93,"a photo of a character relate to keywords: Gotham, batmobile and dark",145
Batman,94,"a photo of a character relate to keywords: Gotham, bat symbol and dark",91
Batman,95,"a photo of a character relate to keywords: Gotham, Gotham and dark",549
Batman,96,"a photo of a character relate to keywords: Gotham, bat ears and dark",809
Batman,97,"a photo of a character relate to keywords: superhero, batmobile and dark",430
Batman,98,"a photo of a character relate to keywords: superhero, bat symbol and dark",654
Batman,99,"a photo of a character relate to keywords: superhero, Gotham and dark",877
Batman,100,"a photo of a character relate to keywords: superhero, bat ears and dark",802
Donald Duck,1,a photo of Donald Duck,143
Donald Duck,2,a photo of Donald Duck,881
Donald Duck,3,a photo of Donald Duck,659
Donald Duck,4,a photo of Donald Duck,273
Donald Duck,5,a photo of Donald Duck,229
Donald Duck,6,a photo of Donald Duck,253
Donald Duck,7,a photo of Donald Duck,643
Donald Duck,8,a photo of Donald Duck,374
Donald Duck,9,a photo of Donald Duck,693
Donald Duck,10,a photo of Donald Duck,168
Donald Duck,11,a dark photo of Donald Duck,668
Donald Duck,12,a dark photo of Donald Duck,333
Donald Duck,13,a dark photo of Donald Duck,914
Donald Duck,14,a dark photo of Donald Duck,46
Donald Duck,15,a dark photo of Donald Duck,737
Donald Duck,16,a dark photo of Donald Duck,808
Donald Duck,17,a dark photo of Donald Duck,516
Donald Duck,18,a dark photo of Donald Duck,440
Donald Duck,19,a dark photo of Donald Duck,948
Donald Duck,20,a dark photo of Donald Duck,365
Donald Duck,21,a rendition photo of Donald Duck,741
Donald Duck,22,a rendition photo of Donald Duck,784
Donald Duck,23,a rendition photo of Donald Duck,210
Donald Duck,24,a rendition photo of Donald Duck,440
Donald Duck,25,a rendition photo of Donald Duck,448
Donald Duck,26,a rendition photo of Donald Duck,874
Donald Duck,27,a rendition photo of Donald Duck,49
Donald Duck,28,a rendition photo of Donald Duck,680
Donald Duck,29,a rendition photo of Donald Duck,493
Donald Duck,30,a rendition photo of Donald Duck,639
Donald Duck,31,a bright photo of Donald Duck,174
Donald Duck,32,a bright photo of Donald Duck,734
Donald Duck,33,a bright photo of Donald Duck,608
Donald Duck,34,a bright photo of Donald Duck,63
Donald Duck,35,a bright photo of Donald Duck,713
Donald Duck,36,a bright photo of Donald Duck,964
Donald Duck,37,a bright photo of Donald Duck,484
Donald Duck,38,a bright photo of Donald Duck,33
Donald Duck,39,a bright photo of Donald Duck,263
Donald Duck,40,a bright photo of Donald Duck,596
Donald Duck,41,a photo of dirty Donald Duck,490
Donald Duck,42,a photo of dirty Donald Duck,75
Donald Duck,43,a photo of dirty Donald Duck,805
Donald Duck,44,a photo of dirty Donald Duck,984
Donald Duck,45,a photo of dirty Donald Duck,963
Donald Duck,46,a photo of dirty Donald Duck,123
Donald Duck,47,a photo of dirty Donald Duck,296
Donald Duck,48,a photo of dirty Donald Duck,250
Donald Duck,49,a photo of dirty Donald Duck,737
Donald Duck,50,a photo of dirty Donald Duck,320
Donald Duck,51,"a photo of a character relate to keywords: Disney, cartoon and vintage",127
Donald Duck,52,"a photo of a character relate to keywords: Disney, vintage and cartoon",212
Donald Duck,53,"a photo of a character relate to keywords: Disney, funny and cartoon",818
Donald Duck,54,"a photo of a character relate to keywords: Disney, classic and cartoon",520
Donald Duck,55,"a photo of a character relate to keywords: Disney, Walt Disney and cartoon",950
Donald Duck,56,"a photo of a character relate to keywords: Disney, goofy and cartoon",158
Donald Duck,57,"a photo of a character relate to keywords: Disney, Disney character and cartoon",382
Donald Duck,58,"a photo of a character relate to keywords: Disney, plucky and cartoon",580
Donald Duck,59,"a photo of a character relate to keywords: cartoon, vintage and Disney",172
Donald Duck,60,"a photo of a character relate to keywords: cartoon, funny and Disney",961
Donald Duck,61,"a photo of a character relate to keywords: cartoon, classic and Disney",526
Donald Duck,62,"a photo of a character relate to keywords: cartoon, Walt Disney and Disney",731
Donald Duck,63,"a photo of a character relate to keywords: cartoon, goofy and Disney",249
Donald Duck,64,"a photo of a character relate to keywords: cartoon, Disney character and Disney",841
Donald Duck,65,"a photo of a character relate to keywords: cartoon, plucky and Disney",394
Donald Duck,66,"a photo of a character relate to keywords: vintage, funny and Disney",753
Donald Duck,67,"a photo of a character relate to keywords: vintage, classic and Disney",399
Donald Duck,68,"a photo of a character relate to keywords: vintage, Walt Disney and Disney",42
Donald Duck,69,"a photo of a character relate to keywords: vintage, goofy and Disney",714
Donald Duck,70,"a photo of a character relate to keywords: vintage, Disney character and Disney",884
Donald Duck,71,"a photo of a character relate to keywords: vintage, plucky and Disney",629
Donald Duck,72,"a photo of a character relate to keywords: funny, classic and Disney",857
Donald Duck,73,"a photo of a character relate to keywords: funny, Walt Disney and Disney",537
Donald Duck,74,"a photo of a character relate to keywords: funny, goofy and Disney",350
Donald Duck,75,"a photo of a character relate to keywords: funny, Disney character and Disney",934
Donald Duck,76,"a photo of a character relate to keywords: funny, plucky and Disney",469
Donald Duck,77,"a photo of a character relate to keywords: classic, Walt Disney and Disney",325
Donald Duck,78,"a photo of a character relate to keywords: classic, goofy and Disney",534
Donald Duck,79,"a photo of a character relate to keywords: classic, Disney character and Disney",535
Donald Duck,80,"a photo of a character relate to keywords: classic, plucky and Disney",970
Donald Duck,81,"a photo of a character relate to keywords: Walt Disney, goofy and Disney",466
Donald Duck,82,"a photo of a character relate to keywords: Walt Disney, Disney character and Disney",353
Donald Duck,83,"a photo of a character relate to keywords: Walt Disney, plucky and Disney",640
Donald Duck,84,"a photo of a character relate to keywords: goofy, Disney character and Disney",28
Donald Duck,85,"a photo of a character relate to keywords: goofy, plucky and Disney",587
Donald Duck,86,"a photo of a character relate to keywords: Disney character, plucky and Disney",829
Donald Duck,87,"a photo of a character relate to keywords: Disney, cartoon and vintage",229
Donald Duck,88,"a photo of a character relate to keywords: Disney, vintage and cartoon",174
Donald Duck,89,"a photo of a character relate to keywords: Disney, funny and cartoon",793
Donald Duck,90,"a photo of a character relate to keywords: Disney, classic and cartoon",613
Donald Duck,91,"a photo of a character relate to keywords: Disney, Walt Disney and cartoon",696
Donald Duck,92,"a photo of a character relate to keywords: Disney, goofy and cartoon",843
Donald Duck,93,"a photo of a character relate to keywords: Disney, Disney character and cartoon",290
Donald Duck,94,"a photo of a character relate to keywords: Disney, plucky and cartoon",967
Donald Duck,95,"a photo of a character relate to keywords: cartoon, vintage and Disney",144
Donald Duck,96,"a photo of a character relate to keywords: cartoon, funny and Disney",477
Donald Duck,97,"a photo of a character relate to keywords: cartoon, classic and Disney",42
Donald Duck,98,"a photo of a character relate to keywords: cartoon, Walt Disney and Disney",104
Donald Duck,99,"a photo of a character relate to keywords: cartoon, goofy and Disney",855
Donald Duck,100,"a photo of a character relate to keywords: cartoon, Disney character and Disney",529
Iron Man,1,a photo of Iron Man,311
Iron Man,2,a photo of Iron Man,179
Iron Man,3,a photo of Iron Man,786
Iron Man,4,a photo of Iron Man,542
Iron Man,5,a photo of Iron Man,83
Iron Man,6,a photo of Iron Man,380
Iron Man,7,a photo of Iron Man,907
Iron Man,8,a photo of Iron Man,650
Iron Man,9,a photo of Iron Man,903
Iron Man,10,a photo of Iron Man,486
Iron Man,11,a dark photo of Iron Man,657
Iron Man,12,a dark photo of Iron Man,609
Iron Man,13,a dark photo of Iron Man,206
Iron Man,14,a dark photo of Iron Man,363
Iron Man,15,a dark photo of Iron Man,675
Iron Man,16,a dark photo of Iron Man,852
Iron Man,17,a dark photo of Iron Man,358
Iron Man,18,a dark photo of Iron Man,753
Iron Man,19,a dark photo of Iron Man,891
Iron Man,20,a dark photo of Iron Man,227
Iron Man,21,a rendition photo of Iron Man,879
Iron Man,22,a rendition photo of Iron Man,219
Iron Man,23,a rendition photo of Iron Man,959
Iron Man,24,a rendition photo of Iron Man,999
Iron Man,25,a rendition photo of Iron Man,407
Iron Man,26,a rendition photo of Iron Man,69
Iron Man,27,a rendition photo of Iron Man,412
Iron Man,28,a rendition photo of Iron Man,824
Iron Man,29,a rendition photo of Iron Man,146
Iron Man,30,a rendition photo of Iron Man,359
Iron Man,31,a bright photo of Iron Man,883
Iron Man,32,a bright photo of Iron Man,943
Iron Man,33,a bright photo of Iron Man,846
Iron Man,34,a bright photo of Iron Man,913
Iron Man,35,a bright photo of Iron Man,476
Iron Man,36,a bright photo of Iron Man,178
Iron Man,37,a bright photo of Iron Man,789
Iron Man,38,a bright photo of Iron Man,882
Iron Man,39,a bright photo of Iron Man,759
Iron Man,40,a bright photo of Iron Man,53
Iron Man,41,a photo of dirty Iron Man,287
Iron Man,42,a photo of dirty Iron Man,602
Iron Man,43,a photo of dirty Iron Man,948
Iron Man,44,a photo of dirty Iron Man,181
Iron Man,45,a photo of dirty Iron Man,989
Iron Man,46,a photo of dirty Iron Man,121
Iron Man,47,a photo of dirty Iron Man,425
Iron Man,48,a photo of dirty Iron Man,842
Iron Man,49,a photo of dirty Iron Man,914
Iron Man,50,a photo of dirty Iron Man,534
Iron Man,51,"a photo of a character relate to keywords: superhero, helmet and Arc reactor",833
Iron Man,52,"a photo of a character relate to keywords: superhero, Arc reactor and helmet",989
Iron Man,53,"a photo of a character relate to keywords: superhero, suit-up and helmet",906
Iron Man,54,"a photo of a character relate to keywords: superhero, Stark Industries and helmet",880
Iron Man,55,"a photo of a character relate to keywords: superhero, armored Avenger and helmet",484
Iron Man,56,"a photo of a character relate to keywords: superhero, Marvel and helmet",372
Iron Man,57,"a photo of a character relate to keywords: superhero, stark internship and helmet",648
Iron Man,58,"a photo of a character relate to keywords: superhero, Mad Titan and helmet",989
Iron Man,59,"a photo of a character relate to keywords: helmet, Arc reactor and superhero",44
Iron Man,60,"a photo of a character relate to keywords: helmet, suit-up and superhero",106
Iron Man,61,"a photo of a character relate to keywords: helmet, Stark Industries and superhero",146
Iron Man,62,"a photo of a character relate to keywords: helmet, armored Avenger and superhero",303
Iron Man,63,"a photo of a character relate to keywords: helmet, Marvel and superhero",209
Iron Man,64,"a photo of a character relate to keywords: helmet, stark internship and superhero",309
Iron Man,65,"a photo of a character relate to keywords: helmet, Mad Titan and superhero",238
Iron Man,66,"a photo of a character relate to keywords: Arc reactor, suit-up and superhero",284
Iron Man,67,"a photo of a character relate to keywords: Arc reactor, Stark Industries and superhero",761
Iron Man,68,"a photo of a character relate to keywords: Arc reactor, armored Avenger and superhero",926
Iron Man,69,"a photo of a character relate to keywords: Arc reactor, Marvel and superhero",971
Iron Man,70,"a photo of a character relate to keywords: Arc reactor, stark internship and superhero",880
Iron Man,71,"a photo of a character relate to keywords: Arc reactor, Mad Titan and superhero",721
Iron Man,72,"a photo of a character relate to keywords: suit-up, Stark Industries and superhero",162
Iron Man,73,"a photo of a character relate to keywords: suit-up, armored Avenger and superhero",804
Iron Man,74,"a photo of a character relate to keywords: suit-up, Marvel and superhero",424
Iron Man,75,"a photo of a character relate to keywords: suit-up, stark internship and superhero",627
Iron Man,76,"a photo of a character relate to keywords: suit-up, Mad Titan and superhero",764
Iron Man,77,"a photo of a character relate to keywords: Stark Industries, armored Avenger and superhero",370
Iron Man,78,"a photo of a character relate to keywords: Stark Industries, Marvel and superhero",547
Iron Man,79,"a photo of a character relate to keywords: Stark Industries, stark internship and superhero",852
Iron Man,80,"a photo of a character relate to keywords: Stark Industries, Mad Titan and superhero",703
Iron Man,81,"a photo of a character relate to keywords: armored Avenger, Marvel and superhero",322
Iron Man,82,"a photo of a character relate to keywords: armored Avenger, stark internship and superhero",599
Iron Man,83,"a photo of a character relate to keywords: armored Avenger, Mad Titan and superhero",307
Iron Man,84,"a photo of a character relate to keywords: Marvel, stark internship and superhero",851
Iron Man,85,"a photo of a character relate to keywords: Marvel, Mad Titan and superhero",142
Iron Man,86,"a photo of a character relate to keywords: stark internship, Mad Titan and superhero",688
Iron Man,87,"a photo of a character relate to keywords: superhero, helmet and Arc reactor",901
Iron Man,88,"a photo of a character relate to keywords: superhero, Arc reactor and helmet",397
Iron Man,89,"a photo of a character relate to keywords: superhero, suit-up and helmet",506
Iron Man,90,"a photo of a character relate to keywords: superhero, Stark Industries and helmet",349
Iron Man,91,"a photo of a character relate to keywords: superhero, armored Avenger and helmet",501
Iron Man,92,"a photo of a character relate to keywords: superhero, Marvel and helmet",223
Iron Man,93,"a photo of a character relate to keywords: superhero, stark internship and helmet",344
Iron Man,94,"a photo of a character relate to keywords: superhero, Mad Titan and helmet",520
Iron Man,95,"a photo of a character relate to keywords: helmet, Arc reactor and superhero",332
Iron Man,96,"a photo of a character relate to keywords: helmet, suit-up and superhero",50
Iron Man,97,"a photo of a character relate to keywords: helmet, Stark Industries and superhero",648
Iron Man,98,"a photo of a character relate to keywords: helmet, armored Avenger and superhero",859
Iron Man,99,"a photo of a character relate to keywords: helmet, Marvel and superhero",200
Iron Man,100,"a photo of a character relate to keywords: helmet, stark internship and superhero",407
Buzz Lightyear,1,a photo of Buzz Lightyear,685
Buzz Lightyear,2,a photo of Buzz Lightyear,909
Buzz Lightyear,3,a photo of Buzz Lightyear,165
Buzz Lightyear,4,a photo of Buzz Lightyear,444
Buzz Lightyear,5,a photo of Buzz Lightyear,756
Buzz Lightyear,6,a photo of Buzz Lightyear,61
Buzz Lightyear,7,a photo of Buzz Lightyear,556
Buzz Lightyear,8,a photo of Buzz Lightyear,332
Buzz Lightyear,9,a photo of Buzz Lightyear,677
Buzz Lightyear,10,a photo of Buzz Lightyear,836
Buzz Lightyear,11,a dark photo of Buzz Lightyear,381
Buzz Lightyear,12,a dark photo of Buzz Lightyear,225
Buzz Lightyear,13,a dark photo of Buzz Lightyear,993
Buzz Lightyear,14,a dark photo of Buzz Lightyear,614
Buzz Lightyear,15,a dark photo of Buzz Lightyear,128
Buzz Lightyear,16,a dark photo of Buzz Lightyear,701
Buzz Lightyear,17,a dark photo of Buzz Lightyear,629
Buzz Lightyear,18,a dark photo of Buzz Lightyear,785
Buzz Lightyear,19,a dark photo of Buzz Lightyear,94
Buzz Lightyear,20,a dark photo of Buzz Lightyear,947
Buzz Lightyear,21,a rendition photo of Buzz Lightyear,110
Buzz Lightyear,22,a rendition photo of Buzz Lightyear,240
Buzz Lightyear,23,a rendition photo of Buzz Lightyear,538
Buzz Lightyear,24,a rendition photo of Buzz Lightyear,846
Buzz Lightyear,25,a rendition photo of Buzz Lightyear,973
Buzz Lightyear,26,a rendition photo of Buzz Lightyear,476
Buzz Lightyear,27,a rendition photo of Buzz Lightyear,959
Buzz Lightyear,28,a rendition photo of Buzz Lightyear,168
Buzz Lightyear,29,a rendition photo of Buzz Lightyear,977
Buzz Lightyear,30,a rendition photo of Buzz Lightyear,751
Buzz Lightyear,31,a bright photo of Buzz Lightyear,740
Buzz Lightyear,32,a bright photo of Buzz Lightyear,151
Buzz Lightyear,33,a bright photo of Buzz Lightyear,911
Buzz Lightyear,34,a bright photo of Buzz Lightyear,371
Buzz Lightyear,35,a bright photo of Buzz Lightyear,323
Buzz Lightyear,36,a bright photo of Buzz Lightyear,311
Buzz Lightyear,37,a bright photo of Buzz Lightyear,34
Buzz Lightyear,38,a bright photo of Buzz Lightyear,465
Buzz Lightyear,39,a bright photo of Buzz Lightyear,282
Buzz Lightyear,40,a bright photo of Buzz Lightyear,694
Buzz Lightyear,41,a photo of dirty Buzz Lightyear,708
Buzz Lightyear,42,a photo of dirty Buzz Lightyear,83
Buzz Lightyear,43,a photo of dirty Buzz Lightyear,261
Buzz Lightyear,44,a photo of dirty Buzz Lightyear,431
Buzz Lightyear,45,a photo of dirty Buzz Lightyear,447
Buzz Lightyear,46,a photo of dirty Buzz Lightyear,971
Buzz Lightyear,47,a photo of dirty Buzz Lightyear,705
Buzz Lightyear,48,a photo of dirty Buzz Lightyear,572
Buzz Lightyear,49,a photo of dirty Buzz Lightyear,919
Buzz Lightyear,50,a photo of dirty Buzz Lightyear,894
Buzz Lightyear,51,"a photo of a character relate to keywords: toy, Toy Story and Disney",482
Buzz Lightyear,52,"a photo of a character relate to keywords: toy, Disney and Toy Story",926
Buzz Lightyear,53,"a photo of a character relate to keywords: toy, Pixar and Toy Story",217
Buzz Lightyear,54,"a photo of a character relate to keywords: toy, action figure and Toy Story",302
Buzz Lightyear,55,"a photo of a character relate to keywords: toy, buzz cut and Toy Story",44
Buzz Lightyear,56,"a photo of a character relate to keywords: toy, Space ranger and Toy Story",64
Buzz Lightyear,57,"a photo of a character relate to keywords: toy, intergalactic and Toy Story",266
Buzz Lightyear,58,"a photo of a character relate to keywords: toy, infinity and beyond and Toy Story",481
Buzz Lightyear,59,"a photo of a character relate to keywords: Toy Story, Disney and toy",962
Buzz Lightyear,60,"a photo of a character relate to keywords: Toy Story, Pixar and toy",57
Buzz Lightyear,61,"a photo of a character relate to keywords: Toy Story, action figure and toy",517
Buzz Lightyear,62,"a photo of a character relate to keywords: Toy Story, buzz cut and toy",557
Buzz Lightyear,63,"a photo of a character relate to keywords: Toy Story, Space ranger and toy",951
Buzz Lightyear,64,"a photo of a character relate to keywords: Toy Story, intergalactic and toy",828
Buzz Lightyear,65,"a photo of a character relate to keywords: Toy Story, infinity and beyond and toy",990
Buzz Lightyear,66,"a photo of a character relate to keywords: Disney, Pixar and toy",847
Buzz Lightyear,67,"a photo of a character relate to keywords: Disney, action figure and toy",765
Buzz Lightyear,68,"a photo of a character relate to keywords: Disney, buzz cut and toy",45
Buzz Lightyear,69,"a photo of a character relate to keywords: Disney, Space ranger and toy",702
Buzz Lightyear,70,"a photo of a character relate to keywords: Disney, intergalactic and toy",425
Buzz Lightyear,71,"a photo of a character relate to keywords: Disney, infinity and beyond and toy",947
Buzz Lightyear,72,"a photo of a character relate to keywords: Pixar, action figure and toy",112
Buzz Lightyear,73,"a photo of a character relate to keywords: Pixar, buzz cut and toy",144
Buzz Lightyear,74,"a photo of a character relate to keywords: Pixar, Space ranger and toy",330
Buzz Lightyear,75,"a photo of a character relate to keywords: Pixar, intergalactic and toy",59
Buzz Lightyear,76,"a photo of a character relate to keywords: Pixar, infinity and beyond and toy",178
Buzz Lightyear,77,"a photo of a character relate to keywords: action figure, buzz cut and toy",576
Buzz Lightyear,78,"a photo of a character relate to keywords: action figure, Space ranger and toy",828
Buzz Lightyear,79,"a photo of a character relate to keywords: action figure, intergalactic and toy",296
Buzz Lightyear,80,"a photo of a character relate to keywords: action figure, infinity and beyond and toy",46
Buzz Lightyear,81,"a photo of a character relate to keywords: buzz cut, Space ranger and toy",448
Buzz Lightyear,82,"a photo of a character relate to keywords: buzz cut, intergalactic and toy",187
Buzz Lightyear,83,"a photo of a character relate to keywords: buzz cut, infinity and beyond and toy",194
Buzz Lightyear,84,"a photo of a character relate to keywords: Space ranger, intergalactic and toy",374
Buzz Lightyear,85,"a photo of a character relate to keywords: Space ranger, infinity and beyond and toy",970
Buzz Lightyear,86,"a photo of a character relate to keywords: intergalactic, infinity and beyond and toy",920
Buzz Lightyear,87,"a photo of a character relate to keywords: toy, Toy Story and Disney",78
Buzz Lightyear,88,"a photo of a character relate to keywords: toy, Disney and Toy Story",543
Buzz Lightyear,89,"a photo of a character relate to keywords: toy, Pixar and Toy Story",331
Buzz Lightyear,90,"a photo of a character relate to keywords: toy, action figure and Toy Story",998
Buzz Lightyear,91,"a photo of a character relate to keywords: toy, buzz cut and Toy Story",338
Buzz Lightyear,92,"a photo of a character relate to keywords: toy, Space ranger and Toy Story",211
Buzz Lightyear,93,"a photo of a character relate to keywords: toy, intergalactic and Toy Story",466
Buzz Lightyear,94,"a photo of a character relate to keywords: toy, infinity and beyond and Toy Story",632
Buzz Lightyear,95,"a photo of a character relate to keywords: Toy Story, Disney and toy",596
Buzz Lightyear,96,"a photo of a character relate to keywords: Toy Story, Pixar and toy",307
Buzz Lightyear,97,"a photo of a character relate to keywords: Toy Story, action figure and toy",92
Buzz Lightyear,98,"a photo of a character relate to keywords: Toy Story, buzz cut and toy",747
Buzz Lightyear,99,"a photo of a character relate to keywords: Toy Story, Space ranger and toy",137
Buzz Lightyear,100,"a photo of a character relate to keywords: Toy Story, intergalactic and toy",124
Nemo,1,a photo of Nemo,432
Nemo,2,a photo of Nemo,555
Nemo,3,a photo of Nemo,432
Nemo,4,a photo of Nemo,615
Nemo,5,a photo of Nemo,724
Nemo,6,a photo of Nemo,195
Nemo,7,a photo of Nemo,580
Nemo,8,a photo of Nemo,505
Nemo,9,a photo of Nemo,767
Nemo,10,a photo of Nemo,624
Nemo,11,a dark photo of Nemo,279
Nemo,12,a dark photo of Nemo,533
Nemo,13,a dark photo of Nemo,39
Nemo,14,a dark photo of Nemo,942
Nemo,15,a dark photo of Nemo,140
Nemo,16,a dark photo of Nemo,318
Nemo,17,a dark photo of Nemo,494
Nemo,18,a dark photo of Nemo,951
Nemo,19,a dark photo of Nemo,920
Nemo,20,a dark photo of Nemo,321
Nemo,21,a rendition photo of Nemo,571
Nemo,22,a rendition photo of Nemo,918
Nemo,23,a rendition photo of Nemo,644
Nemo,24,a rendition photo of Nemo,582
Nemo,25,a rendition photo of Nemo,675
Nemo,26,a rendition photo of Nemo,440
Nemo,27,a rendition photo of Nemo,978
Nemo,28,a rendition photo of Nemo,407
Nemo,29,a rendition photo of Nemo,538
Nemo,30,a rendition photo of Nemo,51
Nemo,31,a bright photo of Nemo,613
Nemo,32,a bright photo of Nemo,685
Nemo,33,a bright photo of Nemo,953
Nemo,34,a bright photo of Nemo,610
Nemo,35,a bright photo of Nemo,951
Nemo,36,a bright photo of Nemo,897
Nemo,37,a bright photo of Nemo,872
Nemo,38,a bright photo of Nemo,240
Nemo,39,a bright photo of Nemo,47
Nemo,40,a bright photo of Nemo,910
Nemo,41,a photo of dirty Nemo,858
Nemo,42,a photo of dirty Nemo,387
Nemo,43,a photo of dirty Nemo,129
Nemo,44,a photo of dirty Nemo,690
Nemo,45,a photo of dirty Nemo,196
Nemo,46,a photo of dirty Nemo,969
Nemo,47,a photo of dirty Nemo,171
Nemo,48,a photo of dirty Nemo,212
Nemo,49,a photo of dirty Nemo,455
Nemo,50,a photo of dirty Nemo,151
Nemo,51,"a photo of a character relate to keywords: fish, Pixar and sea",172
Nemo,52,"a photo of a character relate to keywords: fish, sea and Pixar",34
Nemo,53,"a photo of a character relate to keywords: fish, movie and Pixar",483
Nemo,54,"a photo of a character relate to keywords: fish, Clownfish and Pixar",857
Nemo,55,"a photo of a character relate to keywords: fish, naive and Pixar",36
Nemo,56,"a photo of a character relate to keywords: fish, deity and Pixar",63
Nemo,57,"a photo of a character relate to keywords: fish, urban and Pixar",321
Nemo,58,"a photo of a character relate to keywords: fish, ocean and Pixar",214
Nemo,59,"a photo of a character relate to keywords: Pixar, sea and fish",427
Nemo,60,"a photo of a character relate to keywords: Pixar, movie and fish",657
Nemo,61,"a photo of a character relate to keywords: Pixar, Clownfish and fish",394
Nemo,62,"a photo of a character relate to keywords: Pixar, naive and fish",413
Nemo,63,"a photo of a character relate to keywords: Pixar, deity and fish",117
Nemo,64,"a photo of a character relate to keywords: Pixar, urban and fish",443
Nemo,65,"a photo of a character relate to keywords: Pixar, ocean and fish",776
Nemo,66,"a photo of a character relate to keywords: sea, movie and fish",649
Nemo,67,"a photo of a character relate to keywords: sea, Clownfish and fish",615
Nemo,68,"a photo of a character relate to keywords: sea, naive and fish",518
Nemo,69,"a photo of a character relate to keywords: sea, deity and fish",409
Nemo,70,"a photo of a character relate to keywords: sea, urban and fish",235
Nemo,71,"a photo of a character relate to keywords: sea, ocean and fish",331
Nemo,72,"a photo of a character relate to keywords: movie, Clownfish and fish",569
Nemo,73,"a photo of a character relate to keywords: movie, naive and fish",789
Nemo,74,"a photo of a character relate to keywords: movie, deity and fish",480
Nemo,75,"a photo of a character relate to keywords: movie, urban and fish",76
Nemo,76,"a photo of a character relate to keywords: movie, ocean and fish",40
Nemo,77,"a photo of a character relate to keywords: Clownfish, naive and fish",905
Nemo,78,"a photo of a character relate to keywords: Clownfish, deity and fish",924
Nemo,79,"a photo of a character relate to keywords: Clownfish, urban and fish",682
Nemo,80,"a photo of a character relate to keywords: Clownfish, ocean and fish",843
Nemo,81,"a photo of a character relate to keywords: naive, deity and fish",477
Nemo,82,"a photo of a character relate to keywords: naive, urban and fish",282
Nemo,83,"a photo of a character relate to keywords: naive, ocean and fish",240
Nemo,84,"a photo of a character relate to keywords: deity, urban and fish",929
Nemo,85,"a photo of a character relate to keywords: deity, ocean and fish",755
Nemo,86,"a photo of a character relate to keywords: urban, ocean and fish",645
Nemo,87,"a photo of a character relate to keywords: fish, Pixar and sea",462
Nemo,88,"a photo of a character relate to keywords: fish, sea and Pixar",971
Nemo,89,"a photo of a character relate to keywords: fish, movie and Pixar",164
Nemo,90,"a photo of a character relate to keywords: fish, Clownfish and Pixar",47
Nemo,91,"a photo of a character relate to keywords: fish, naive and Pixar",562
Nemo,92,"a photo of a character relate to keywords: fish, deity and Pixar",243
Nemo,93,"a photo of a character relate to keywords: fish, urban and Pixar",304
Nemo,94,"a photo of a character relate to keywords: fish, ocean and Pixar",50
Nemo,95,"a photo of a character relate to keywords: Pixar, sea and fish",533
Nemo,96,"a photo of a character relate to keywords: Pixar, movie and fish",350
Nemo,97,"a photo of a character relate to keywords: Pixar, Clownfish and fish",961
Nemo,98,"a photo of a character relate to keywords: Pixar, naive and fish",307
Nemo,99,"a photo of a character relate to keywords: Pixar, deity and fish",956
Nemo,100,"a photo of a character relate to keywords: Pixar, urban and fish",269
Sonic The Hedgehog,1,a photo of Sonic The Hedgehog,411
Sonic The Hedgehog,2,a photo of Sonic The Hedgehog,660
Sonic The Hedgehog,3,a photo of Sonic The Hedgehog,727
Sonic The Hedgehog,4,a photo of Sonic The Hedgehog,734
Sonic The Hedgehog,5,a photo of Sonic The Hedgehog,680
Sonic The Hedgehog,6,a photo of Sonic The Hedgehog,482
Sonic The Hedgehog,7,a photo of Sonic The Hedgehog,947
Sonic The Hedgehog,8,a photo of Sonic The Hedgehog,184
Sonic The Hedgehog,9,a photo of Sonic The Hedgehog,766
Sonic The Hedgehog,10,a photo of Sonic The Hedgehog,40
Sonic The Hedgehog,11,a dark photo of Sonic The Hedgehog,661
Sonic The Hedgehog,12,a dark photo of Sonic The Hedgehog,790
Sonic The Hedgehog,13,a dark photo of Sonic The Hedgehog,523
Sonic The Hedgehog,14,a dark photo of Sonic The Hedgehog,175
Sonic The Hedgehog,15,a dark photo of Sonic The Hedgehog,825
Sonic The Hedgehog,16,a dark photo of Sonic The Hedgehog,662
Sonic The Hedgehog,17,a dark photo of Sonic The Hedgehog,70
Sonic The Hedgehog,18,a dark photo of Sonic The Hedgehog,468
Sonic The Hedgehog,19,a dark photo of Sonic The Hedgehog,946
Sonic The Hedgehog,20,a dark photo of Sonic The Hedgehog,194
Sonic The Hedgehog,21,a rendition photo of Sonic The Hedgehog,489
Sonic The Hedgehog,22,a rendition photo of Sonic The Hedgehog,23
Sonic The Hedgehog,23,a rendition photo of Sonic The Hedgehog,651
Sonic The Hedgehog,24,a rendition photo of Sonic The Hedgehog,513
Sonic The Hedgehog,25,a rendition photo of Sonic The Hedgehog,436
Sonic The Hedgehog,26,a rendition photo of Sonic The Hedgehog,251
Sonic The Hedgehog,27,a rendition photo of Sonic The Hedgehog,225
Sonic The Hedgehog,28,a rendition photo of Sonic The Hedgehog,894
Sonic The Hedgehog,29,a rendition photo of Sonic The Hedgehog,180
Sonic The Hedgehog,30,a rendition photo of Sonic The Hedgehog,799
Sonic The Hedgehog,31,a bright photo of Sonic The Hedgehog,561
Sonic The Hedgehog,32,a bright photo of Sonic The Hedgehog,357
Sonic The Hedgehog,33,a bright photo of Sonic The Hedgehog,713
Sonic The Hedgehog,34,a bright photo of Sonic The Hedgehog,798
Sonic The Hedgehog,35,a bright photo of Sonic The Hedgehog,412
Sonic The Hedgehog,36,a bright photo of Sonic The Hedgehog,771
Sonic The Hedgehog,37,a bright photo of Sonic The Hedgehog,218
Sonic The Hedgehog,38,a bright photo of Sonic The Hedgehog,292
Sonic The Hedgehog,39,a bright photo of Sonic The Hedgehog,855
Sonic The Hedgehog,40,a bright photo of Sonic The Hedgehog,246
Sonic The Hedgehog,41,a photo of dirty Sonic The Hedgehog,611
Sonic The Hedgehog,42,a photo of dirty Sonic The Hedgehog,278
Sonic The Hedgehog,43,a photo of dirty Sonic The Hedgehog,447
Sonic The Hedgehog,44,a photo of dirty Sonic The Hedgehog,309
Sonic The Hedgehog,45,a photo of dirty Sonic The Hedgehog,149
Sonic The Hedgehog,46,a photo of dirty Sonic The Hedgehog,847
Sonic The Hedgehog,47,a photo of dirty Sonic The Hedgehog,483
Sonic The Hedgehog,48,a photo of dirty Sonic The Hedgehog,454
Sonic The Hedgehog,49,a photo of dirty Sonic The Hedgehog,53
Sonic The Hedgehog,50,a photo of dirty Sonic The Hedgehog,865
Sonic The Hedgehog,51,"a photo of a character relate to keywords: hedgehog, Sega and tails",164
Sonic The Hedgehog,52,"a photo of a character relate to keywords: hedgehog, tails and Sega",975
Sonic The Hedgehog,53,"a photo of a character relate to keywords: hedgehog, video game and Sega",300
Sonic The Hedgehog,54,"a photo of a character relate to keywords: hedgehog, Blue and Sega",353
Sonic The Hedgehog,55,"a photo of a character relate to keywords: hedgehog, Sonic boom and Sega",679
Sonic The Hedgehog,56,"a photo of a character relate to keywords: hedgehog, quills and Sega",423
Sonic The Hedgehog,57,"a photo of a character relate to keywords: hedgehog, enemy Dr. Eggman and Sega",154
Sonic The Hedgehog,58,"a photo of a character relate to keywords: Sega, tails and hedgehog",515
Sonic The Hedgehog,59,"a photo of a character relate to keywords: Sega, video game and hedgehog",436
Sonic The Hedgehog,60,"a photo of a character relate to keywords: Sega, Blue and hedgehog",815
Sonic The Hedgehog,61,"a photo of a character relate to keywords: Sega, Sonic boom and hedgehog",774
Sonic The Hedgehog,62,"a photo of a character relate to keywords: Sega, quills and hedgehog",864
Sonic The Hedgehog,63,"a photo of a character relate to keywords: Sega, enemy Dr. Eggman and hedgehog",92
Sonic The Hedgehog,64,"a photo of a character relate to keywords: tails, video game and hedgehog",990
Sonic The Hedgehog,65,"a photo of a character relate to keywords: tails, Blue and hedgehog",67
Sonic The Hedgehog,66,"a photo of a character relate to keywords: tails, Sonic boom and hedgehog",637
Sonic The Hedgehog,67,"a photo of a character relate to keywords: tails, quills and hedgehog",979
Sonic The Hedgehog,68,"a photo of a character relate to keywords: tails, enemy Dr. Eggman and hedgehog",338
Sonic The Hedgehog,69,"a photo of a character relate to keywords: video game, Blue and hedgehog",167
Sonic The Hedgehog,70,"a photo of a character relate to keywords: video game, Sonic boom and hedgehog",124
Sonic The Hedgehog,71,"a photo of a character relate to keywords: video game, quills and hedgehog",294
Sonic The Hedgehog,72,"a photo of a character relate to keywords: video game, enemy Dr. Eggman and hedgehog",889
Sonic The Hedgehog,73,"a photo of a character relate to keywords: Blue, Sonic boom and hedgehog",329
Sonic The Hedgehog,74,"a photo of a character relate to keywords: Blue, quills and hedgehog",798
Sonic The Hedgehog,75,"a photo of a character relate to keywords: Blue, enemy Dr. Eggman and hedgehog",621
Sonic The Hedgehog,76,"a photo of a character relate to keywords: Sonic boom, quills and hedgehog",183
Sonic The Hedgehog,77,"a photo of a character relate to keywords: Sonic boom, enemy Dr. Eggman and hedgehog",317
Sonic The Hedgehog,78,"a photo of a character relate to keywords: quills, enemy Dr. Eggman and hedgehog",974
Sonic The Hedgehog,79,"a photo of a character relate to keywords: hedgehog, Sega and tails",863
Sonic The Hedgehog,80,"a photo of a character relate to keywords: hedgehog, tails and Sega",640
Sonic The Hedgehog,81,"a photo of a character relate to keywords: hedgehog, video game and Sega",599
Sonic The Hedgehog,82,"a photo of a character relate to keywords: hedgehog, Blue and Sega",319
Sonic The Hedgehog,83,"a photo of a character relate to keywords: hedgehog, Sonic boom and Sega",140
Sonic The Hedgehog,84,"a photo of a character relate to keywords: hedgehog, quills and Sega",757
Sonic The Hedgehog,85,"a photo of a character relate to keywords: hedgehog, enemy Dr. Eggman and Sega",935
Sonic The Hedgehog,86,"a photo of a character relate to keywords: Sega, tails and hedgehog",939
Sonic The Hedgehog,87,"a photo of a character relate to keywords: Sega, video game and hedgehog",545
Sonic The Hedgehog,88,"a photo of a character relate to keywords: Sega, Blue and hedgehog",146
Sonic The Hedgehog,89,"a photo of a character relate to keywords: Sega, Sonic boom and hedgehog",431
Sonic The Hedgehog,90,"a photo of a character relate to keywords: Sega, quills and hedgehog",775
Sonic The Hedgehog,91,"a photo of a character relate to keywords: Sega, enemy Dr. Eggman and hedgehog",758
Sonic The Hedgehog,92,"a photo of a character relate to keywords: tails, video game and hedgehog",696
Sonic The Hedgehog,93,"a photo of a character relate to keywords: tails, Blue and hedgehog",618
Sonic The Hedgehog,94,"a photo of a character relate to keywords: tails, Sonic boom and hedgehog",70
Sonic The Hedgehog,95,"a photo of a character relate to keywords: tails, quills and hedgehog",119
Sonic The Hedgehog,96,"a photo of a character relate to keywords: tails, enemy Dr. Eggman and hedgehog",129
Sonic The Hedgehog,97,"a photo of a character relate to keywords: video game, Blue and hedgehog",234
Sonic The Hedgehog,98,"a photo of a character relate to keywords: video game, Sonic boom and hedgehog",730
Sonic The Hedgehog,99,"a photo of a character relate to keywords: video game, quills and hedgehog",159
Sonic The Hedgehog,100,"a photo of a character relate to keywords: video game, enemy Dr. Eggman and hedgehog",276
Pikachu,1,a photo of Pikachu,886
Pikachu,2,a photo of Pikachu,613
Pikachu,3,a photo of Pikachu,131
Pikachu,4,a photo of Pikachu,588
Pikachu,5,a photo of Pikachu,168
Pikachu,6,a photo of Pikachu,355
Pikachu,7,a photo of Pikachu,458
Pikachu,8,a photo of Pikachu,248
Pikachu,9,a photo of Pikachu,348
Pikachu,10,a photo of Pikachu,435
Pikachu,11,a dark photo of Pikachu,364
Pikachu,12,a dark photo of Pikachu,491
Pikachu,13,a dark photo of Pikachu,210
Pikachu,14,a dark photo of Pikachu,436
Pikachu,15,a dark photo of Pikachu,750
Pikachu,16,a dark photo of Pikachu,786
Pikachu,17,a dark photo of Pikachu,585
Pikachu,18,a dark photo of Pikachu,797
Pikachu,19,a dark photo of Pikachu,689
Pikachu,20,a dark photo of Pikachu,455
Pikachu,21,a rendition photo of Pikachu,880
Pikachu,22,a rendition photo of Pikachu,929
Pikachu,23,a rendition photo of Pikachu,31
Pikachu,24,a rendition photo of Pikachu,427
Pikachu,25,a rendition photo of Pikachu,278
Pikachu,26,a rendition photo of Pikachu,155
Pikachu,27,a rendition photo of Pikachu,97
Pikachu,28,a rendition photo of Pikachu,327
Pikachu,29,a rendition photo of Pikachu,701
Pikachu,30,a rendition photo of Pikachu,309
Pikachu,31,a bright photo of Pikachu,295
Pikachu,32,a bright photo of Pikachu,256
Pikachu,33,a bright photo of Pikachu,988
Pikachu,34,a bright photo of Pikachu,614
Pikachu,35,a bright photo of Pikachu,474
Pikachu,36,a bright photo of Pikachu,467
Pikachu,37,a bright photo of Pikachu,325
Pikachu,38,a bright photo of Pikachu,993
Pikachu,39,a bright photo of Pikachu,572
Pikachu,40,a bright photo of Pikachu,188
Pikachu,41,a photo of dirty Pikachu,296
Pikachu,42,a photo of dirty Pikachu,901
Pikachu,43,a photo of dirty Pikachu,244
Pikachu,44,a photo of dirty Pikachu,990
Pikachu,45,a photo of dirty Pikachu,232
Pikachu,46,a photo of dirty Pikachu,701
Pikachu,47,a photo of dirty Pikachu,481
Pikachu,48,a photo of dirty Pikachu,602
Pikachu,49,a photo of dirty Pikachu,718
Pikachu,50,a photo of dirty Pikachu,239
Pikachu,51,"a photo of a character relate to keywords: Pokémon, cute and anime",307
Pikachu,52,"a photo of a character relate to keywords: Pokémon, anime and cute",404
Pikachu,53,"a photo of a character relate to keywords: Pokémon, toy and cute",579
Pikachu,54,"a photo of a character relate to keywords: Pokémon, yellow and cute",713
Pikachu,55,"a photo of a character relate to keywords: Pokémon, yellow shoes and cute",150
Pikachu,56,"a photo of a character relate to keywords: Pokémon, pineapple and cute",373
Pikachu,57,"a photo of a character relate to keywords: cute, anime and Pokémon",385
Pikachu,58,"a photo of a character relate to keywords: cute, toy and Pokémon",678
Pikachu,59,"a photo of a character relate to keywords: cute, yellow and Pokémon",418
Pikachu,60,"a photo of a character relate to keywords: cute, yellow shoes and Pokémon",71
Pikachu,61,"a photo of a character relate to keywords: cute, pineapple and Pokémon",730
Pikachu,62,"a photo of a character relate to keywords: anime, toy and Pokémon",945
Pikachu,63,"a photo of a character relate to keywords: anime, yellow and Pokémon",428
Pikachu,64,"a photo of a character relate to keywords: anime, yellow shoes and Pokémon",453
Pikachu,65,"a photo of a character relate to keywords: anime, pineapple and Pokémon",993
Pikachu,66,"a photo of a character relate to keywords: toy, yellow and Pokémon",398
Pikachu,67,"a photo of a character relate to keywords: toy, yellow shoes and Pokémon",63
Pikachu,68,"a photo of a character relate to keywords: toy, pineapple and Pokémon",895
Pikachu,69,"a photo of a character relate to keywords: yellow, yellow shoes and Pokémon",563
Pikachu,70,"a photo of a character relate to keywords: yellow, pineapple and Pokémon",93
Pikachu,71,"a photo of a character relate to keywords: yellow shoes, pineapple and Pokémon",532
Pikachu,72,"a photo of a character relate to keywords: Pokémon, cute and anime",736
Pikachu,73,"a photo of a character relate to keywords: Pokémon, anime and cute",513
Pikachu,74,"a photo of a character relate to keywords: Pokémon, toy and cute",104
Pikachu,75,"a photo of a character relate to keywords: Pokémon, yellow and cute",526
Pikachu,76,"a photo of a character relate to keywords: Pokémon, yellow shoes and cute",77
Pikachu,77,"a photo of a character relate to keywords: Pokémon, pineapple and cute",624
Pikachu,78,"a photo of a character relate to keywords: cute, anime and Pokémon",809
Pikachu,79,"a photo of a character relate to keywords: cute, toy and Pokémon",812
Pikachu,80,"a photo of a character relate to keywords: cute, yellow and Pokémon",336
Pikachu,81,"a photo of a character relate to keywords: cute, yellow shoes and Pokémon",218
Pikachu,82,"a photo of a character relate to keywords: cute, pineapple and Pokémon",543
Pikachu,83,"a photo of a character relate to keywords: anime, toy and Pokémon",221
Pikachu,84,"a photo of a character relate to keywords: anime, yellow and Pokémon",161
Pikachu,85,"a photo of a character relate to keywords: anime, yellow shoes and Pokémon",154
Pikachu,86,"a photo of a character relate to keywords: anime, pineapple and Pokémon",877
Pikachu,87,"a photo of a character relate to keywords: toy, yellow and Pokémon",582
Pikachu,88,"a photo of a character relate to keywords: toy, yellow shoes and Pokémon",67
Pikachu,89,"a photo of a character relate to keywords: toy, pineapple and Pokémon",277
Pikachu,90,"a photo of a character relate to keywords: yellow, yellow shoes and Pokémon",463
Pikachu,91,"a photo of a character relate to keywords: yellow, pineapple and Pokémon",302
Pikachu,92,"a photo of a character relate to keywords: yellow shoes, pineapple and Pokémon",482
Pikachu,93,"a photo of a character relate to keywords: Pokémon, cute and anime",544
Pikachu,94,"a photo of a character relate to keywords: Pokémon, anime and cute",99
Pikachu,95,"a photo of a character relate to keywords: Pokémon, toy and cute",662
Pikachu,96,"a photo of a character relate to keywords: Pokémon, yellow and cute",683
Pikachu,97,"a photo of a character relate to keywords: Pokémon, yellow shoes and cute",416
Pikachu,98,"a photo of a character relate to keywords: Pokémon, pineapple and cute",663
Pikachu,99,"a photo of a character relate to keywords: cute, anime and Pokémon",712
Pikachu,100,"a photo of a character relate to keywords: cute, toy and Pokémon",990
Captain America,1,a photo of Captain America,971
Captain America,2,a photo of Captain America,693
Captain America,3,a photo of Captain America,342
Captain America,4,a photo of Captain America,471
Captain America,5,a photo of Captain America,774
Captain America,6,a photo of Captain America,479
Captain America,7,a photo of Captain America,559
Captain America,8,a photo of Captain America,222
Captain America,9,a photo of Captain America,528
Captain America,10,a photo of Captain America,22
Captain America,11,a dark photo of Captain America,731
Captain America,12,a dark photo of Captain America,240
Captain America,13,a dark photo of Captain America,942
Captain America,14,a dark photo of Captain America,969
Captain America,15,a dark photo of Captain America,716
Captain America,16,a dark photo of Captain America,372
Captain America,17,a dark photo of Captain America,704
Captain America,18,a dark photo of Captain America,64
Captain America,19,a dark photo of Captain America,609
Captain America,20,a dark photo of Captain America,819
Captain America,21,a rendition photo of Captain America,830
Captain America,22,a rendition photo of Captain America,969
Captain America,23,a rendition photo of Captain America,581
Captain America,24,a rendition photo of Captain America,476
Captain America,25,a rendition photo of Captain America,351
Captain America,26,a rendition photo of Captain America,126
Captain America,27,a rendition photo of Captain America,415
Captain America,28,a rendition photo of Captain America,955
Captain America,29,a rendition photo of Captain America,291
Captain America,30,a rendition photo of Captain America,106
Captain America,31,a bright photo of Captain America,482
Captain America,32,a bright photo of Captain America,763
Captain America,33,a bright photo of Captain America,874
Captain America,34,a bright photo of Captain America,812
Captain America,35,a bright photo of Captain America,320
Captain America,36,a bright photo of Captain America,667
Captain America,37,a bright photo of Captain America,556
Captain America,38,a bright photo of Captain America,60
Captain America,39,a bright photo of Captain America,496
Captain America,40,a bright photo of Captain America,954
Captain America,41,a photo of dirty Captain America,543
Captain America,42,a photo of dirty Captain America,820
Captain America,43,a photo of dirty Captain America,774
Captain America,44,a photo of dirty Captain America,406
Captain America,45,a photo of dirty Captain America,526
Captain America,46,a photo of dirty Captain America,618
Captain America,47,a photo of dirty Captain America,56
Captain America,48,a photo of dirty Captain America,832
Captain America,49,a photo of dirty Captain America,541
Captain America,50,a photo of dirty Captain America,721
Captain America,51,"a photo of a character relate to keywords: soldier, Shield and red",87
Captain America,52,"a photo of a character relate to keywords: soldier, red and Shield",486
Captain America,53,"a photo of a character relate to keywords: soldier, blue and Shield",363
Captain America,54,"a photo of a character relate to keywords: soldier, white and Shield",815
Captain America,55,"a photo of a character relate to keywords: soldier, captain and Shield",200
Captain America,56,"a photo of a character relate to keywords: soldier, Captain Hook and Shield",783
Captain America,57,"a photo of a character relate to keywords: soldier, cap and Shield",537
Captain America,58,"a photo of a character relate to keywords: soldier, Marvel and Shield",993
Captain America,59,"a photo of a character relate to keywords: Shield, red and soldier",420
Captain America,60,"a photo of a character relate to keywords: Shield, blue and soldier",656
Captain America,61,"a photo of a character relate to keywords: Shield, white and soldier",496
Captain America,62,"a photo of a character relate to keywords: Shield, captain and soldier",357
Captain America,63,"a photo of a character relate to keywords: Shield, Captain Hook and soldier",54
Captain America,64,"a photo of a character relate to keywords: Shield, cap and soldier",635
Captain America,65,"a photo of a character relate to keywords: Shield, Marvel and soldier",457
Captain America,66,"a photo of a character relate to keywords: red, blue and soldier",132
Captain America,67,"a photo of a character relate to keywords: red, white and soldier",973
Captain America,68,"a photo of a character relate to keywords: red, captain and soldier",472
Captain America,69,"a photo of a character relate to keywords: red, Captain Hook and soldier",546
Captain America,70,"a photo of a character relate to keywords: red, cap and soldier",511
Captain America,71,"a photo of a character relate to keywords: red, Marvel and soldier",656
Captain America,72,"a photo of a character relate to keywords: blue, white and soldier",640
Captain America,73,"a photo of a character relate to keywords: blue, captain and soldier",450
Captain America,74,"a photo of a character relate to keywords: blue, Captain Hook and soldier",526
Captain America,75,"a photo of a character relate to keywords: blue, cap and soldier",151
Captain America,76,"a photo of a character relate to keywords: blue, Marvel and soldier",866
Captain America,77,"a photo of a character relate to keywords: white, captain and soldier",65
Captain America,78,"a photo of a character relate to keywords: white, Captain Hook and soldier",106
Captain America,79,"a photo of a character relate to keywords: white, cap and soldier",509
Captain America,80,"a photo of a character relate to keywords: white, Marvel and soldier",683
Captain America,81,"a photo of a character relate to keywords: captain, Captain Hook and soldier",596
Captain America,82,"a photo of a character relate to keywords: captain, cap and soldier",923
Captain America,83,"a photo of a character relate to keywords: captain, Marvel and soldier",225
Captain America,84,"a photo of a character relate to keywords: Captain Hook, cap and soldier",378
Captain America,85,"a photo of a character relate to keywords: Captain Hook, Marvel and soldier",801
Captain America,86,"a photo of a character relate to keywords: cap, Marvel and soldier",477
Captain America,87,"a photo of a character relate to keywords: soldier, Shield and red",181
Captain America,88,"a photo of a character relate to keywords: soldier, red and Shield",991
Captain America,89,"a photo of a character relate to keywords: soldier, blue and Shield",598
Captain America,90,"a photo of a character relate to keywords: soldier, white and Shield",977
Captain America,91,"a photo of a character relate to keywords: soldier, captain and Shield",337
Captain America,92,"a photo of a character relate to keywords: soldier, Captain Hook and Shield",316
Captain America,93,"a photo of a character relate to keywords: soldier, cap and Shield",683
Captain America,94,"a photo of a character relate to keywords: soldier, Marvel and Shield",42
Captain America,95,"a photo of a character relate to keywords: Shield, red and soldier",404
Captain America,96,"a photo of a character relate to keywords: Shield, blue and soldier",559
Captain America,97,"a photo of a character relate to keywords: Shield, white and soldier",29
Captain America,98,"a photo of a character relate to keywords: Shield, captain and soldier",778
Captain America,99,"a photo of a character relate to keywords: Shield, Captain Hook and soldier",915
Captain America,100,"a photo of a character relate to keywords: Shield, cap and soldier",684
